"BM_activity","BM_rate","BM_consistency","BM_actdet_stationary","BM_actdet_walking","posture_activity","posture_rate","speech_profile_speaking","speech_profile_overlap","speech_profile_listening","speech_profile_silent","speech_profile_total_speaking","speech_profile_total_silent","speech_participation","audio_front_volume","audio_front_vol_consistency","audio_back_volume","audio_back_vol_consistency","interactions_combined_101","interactions_combined_102","interactions_combined_Average","interactions_proximity_101","interactions_proximity_102","interactions_proximity_Average","interactions_facetoface_101","interactions_facetoface_102","interactions_facetoface_Average","combined_betweenness_centrality","combined_closeness_centrality","combined_closeness_vitality","combined_cohesion","combined_degree_centrality","facetoface_betweenness_centrality","facetoface_closeness_centrality","facetoface_closeness_vitality","facetoface_cohesion","facetoface_degree_centrality","proximity_betweenness_centrality","proximity_closeness_centrality","proximity_closeness_vitality","proximity_cohesion","proximity_degree_centrality","Temp","ID","Woman","SD"
0.006868101,-2.64e-06,0.985109945,1839,30,1.691211538,0.001238473,326.3,133.6,450.2,1189.9,459.9,1640.1,0.427436514,0.0087983,0.727694431,0.008549386,0.662980081,0,2100,1050,0,1259.776994,629.888497,0,1005.946196,502.973098,0,1,2,NA,1,0,1,2,NA,1,0,1,2,NA,1,NA,"101",1,0
0.005428557,-7.2e-06,0.988842362,1863,0,2.575317657,-0.001403985,450.2,133.6,326.3,1189.9,583.8,1516.2,0.477801582,0.01532819,0.673979781,0.013050853,0.63033149,2100,0,1050,1259.776994,0,629.888497,1005.946196,0,502.973098,0,1,2,NA,1,0,1,2,NA,1,0,1,2,NA,1,NA,"102",1,0
0.006296455,-1.47e-05,0.986278134,2038,29,1.698642105,0.002738239,468.1,74.9,467.1,1329.9,543,1797,0.598894019,0.013119093,0.630953618,0.012396606,0.650920539,0,2340,1170,0,1413.550713,706.7753565,0,1425.302917,712.6514585,0,1,2,NA,1,0,1,2,NA,1,0,1,2,NA,1,30.70076609,"301",0,1
0.006211617,-1.64e-05,0.986480713,2003,2,2.065083501,-0.01076732,467.1,74.9,468.1,1329.9,542,1798,0.256661536,0.006353943,0.636573703,0.006304495,0.698783573,2340,0,1170,1413.550713,0,706.7753565,1425.302917,0,712.6514585,0,1,2,NA,1,0,1,2,NA,1,0,1,2,NA,1,29.10888722,"302",0,1
0.005324049,-6.4e-05,0.987711703,2510,14,1.630967038,-0.007267087,799.8,137.1,486.5,1396.6,936.9,1883.1,0.511212915,0.009800645,0.380845201,0.010284872,0.418147129,0,2820,1410,0,1784.739466,892.369733,0,1851.440814,925.720407,0,1,2,NA,1,0,1,2,NA,1,0,1,2,NA,1,31.04304675,"305",0,0
0.006608099,-1.67e-06,0.986504544,2505,22,2.14557126,0.004573328,486.5,137.1,799.8,1396.6,623.6,2196.4,0.339141695,0.009890782,0.520053058,0.009298758,0.541665095,2820,0,1410,1784.739466,0,892.369733,1851.440814,0,925.720407,0,1,2,NA,1,0,1,2,NA,1,0,1,2,NA,1,31.09137831,"306",0,0
0.005078457,7.77e-07,0.987846122,2040,14,2.049482426,-0.001209096,367.2,156.3,375.5,1321,523.5,1696.5,0.399238931,0.017110807,0.735757044,0.014514438,0.698458807,0,2220,1110,0,1312.460915,656.2304575,0,868.569914,434.284957,0,1,2,NA,1,0,1,2,NA,1,0,1,2,NA,1,NA,"121",1,0
0.005850166,-7.49e-06,0.988052504,2048,11,2.062038884,0.000747,375.5,156.3,367.2,1321,531.8,1688.2,0.520130439,0.009807917,0.637463395,0.010106571,0.62367951,2220,0,1110,1312.460915,0,656.2304575,868.569914,0,434.284957,0,1,2,NA,1,0,1,2,NA,1,0,1,2,NA,1,NA,"122",1,1
0.004895598,-2.37e-06,0.9889804,2210,12,1.631634194,5.2e-05,595.2,135.2,366,1303.6,730.4,1669.6,0.413197295,0.015219152,0.52719415,0.012724669,0.466868605,0,2400,1200,0,1427.294218,713.647109,0,1388.823838,694.411919,0,1,2,NA,1,0,1,2,NA,1,0,1,2,NA,1,NA,"123",0,1
0.005706143,-1.87e-05,0.987756725,2209,0,2.015843685,-0.000489,366,135.2,595.2,1303.6,501.2,1898.8,0.516386038,0.010467201,0.723756987,0.01034903,0.616761527,2400,0,1200,1427.294218,0,713.647109,1388.823838,0,694.411919,0,1,2,NA,1,0,1,2,NA,1,0,1,2,NA,1,NA,"124",0,1
0.005309996,-9.98e-05,0.987750786,2259,25,1.537690339,-0.000108,493.2,232.2,487.3,1247.3,725.4,1734.6,0.566013176,0.009282033,0.563184641,0.00944489,0.541604296,0,2460,1230,0,1642.398874,821.199437,0,1218.217322,609.108661,0,1,2,NA,1,0,1,2,NA,1,0,1,2,NA,1,NA,"125",1,1
0.003151025,-6.49e-05,0.994332317,2284,0,1.204701891,0.013241386,487.3,232.2,493.2,1247.3,719.5,1740.5,0.38358032,0.012458905,0.720277498,0.009739718,0.578218226,2460,0,1230,1642.398874,0,821.199437,1218.217322,0,609.108661,0,1,2,NA,1,0,1,2,NA,1,0,1,2,NA,1,NA,"126",1,1
0.005821059,-7.01e-05,0.987895424,1645,9,1.840614968,-0.000452,455.9,101.7,301.5,940.9,557.6,1242.4,0.535510812,0.011578277,0.487715694,0.011948775,0.470103449,0,1800,900,0,1017.364914,508.682457,0,848.561202,424.280601,0,1,2,NA,1,0,1,2,NA,1,0,1,2,NA,1,NA,"127",1,1
0.005267594,-1.02e-05,0.988274589,1652,0,1.719457916,0.001043204,301.5,101.7,455.9,940.9,403.2,1396.8,0.398933632,0.015526233,0.658286174,0.012858319,0.675106527,1800,0,900,1017.364914,0,508.682457,848.561202,0,424.280601,0,1,2,NA,1,0,1,2,NA,1,0,1,2,NA,1,NA,"128",1,0
0.007157302,-3e-07,0.983438481,2128,15,2.01476584,-0.001823564,510,162.9,475.2,1251.9,672.9,1727.1,0.500375469,0.013469211,0.472535244,0.013762033,0.368219191,0,2400,1200,0,1482.786241,741.3931205,0,1384.368163,692.1840815,0,1,2,NA,1,0,1,2,NA,1,0,1,2,NA,1,NA,"129",1,0
0.004828855,1.22e-06,0.989652437,2108,0,2.538180656,-0.000585,475.2,162.9,510,1251.9,638.1,1761.9,0.392541198,0.018490612,0.504862041,0.015727389,0.465871943,2400,0,1200,1482.786241,0,741.3931205,1384.368163,0,692.1840815,0,1,2,NA,1,0,1,2,NA,1,0,1,2,NA,1,NA,"130",1,1
0.007199677,-4.14e-05,0.985229715,2177,26,2.038600546,-0.001405575,441.4,97.7,493.7,1367.2,539.1,1860.9,0.505821926,0.010288043,0.59962858,0.010633573,0.58879226,0,2400,1200,0,1619.504158,809.752079,0,919.411319,459.7056595,0,1,2,NA,1,0,1,2,NA,1,0,1,2,NA,1,NA,"131",1,1
0.003395383,1.97e-05,0.993575187,2195,0,1.415873347,-0.004867756,493.7,97.7,441.4,1367.2,591.4,1808.6,0.41459474,0.012800039,0.637421314,0.010210666,0.638262629,2400,0,1200,1619.504158,0,809.752079,919.411319,0,459.7056595,0,1,2,NA,1,0,1,2,NA,1,0,1,2,NA,1,NA,"132",1,0
0.006444851,-2.33e-05,0.985681024,2120,35,1.852191139,0.000797,616.6,88.4,324.6,1370.4,705,1695,0.537449997,0.009145507,0.583118541,0.009534971,0.684853442,0,2400,1200,0,1565.808925,782.9044625,0,823.093229,411.5466145,0,1,2,NA,1,0,1,2,NA,1,0,1,2,NA,1,NA,"133",1,0
0.004229829,-3.08e-06,0.992713516,2150,14,2.271475192,0.000484,324.6,88.4,616.6,1370.4,413,1987,0.279216669,0.009838802,0.916742207,0.007225717,0.867249043,2400,0,1200,1565.808925,0,782.9044625,823.093229,0,411.5466145,0,1,2,NA,1,0,1,2,NA,1,0,1,2,NA,1,NA,"134",1,0
0.006099396,1.11e-06,0.986226198,2390,29,1.529081679,-0.005090904,478.1,180.3,530.4,1451.2,658.4,1981.6,0.522837936,0.010971888,0.648796183,0.011199974,0.505158536,0,2640,1320,0,1870.397477,935.1987385,0,1547.731669,773.8658345,0,1,2,NA,1,0,1,2,NA,1,0,1,2,NA,1,NA,"137",0,0
0.005555927,-8.23e-06,0.98588671,2434,0,2.154972648,-0.000853,530.4,180.3,478.1,1451.2,710.7,1929.3,0.396101458,0.01673472,0.577785407,0.014300607,0.558478554,2640,0,1320,1870.397477,0,935.1987385,1547.731669,0,773.8658345,0,1,2,NA,1,0,1,2,NA,1,0,1,2,NA,1,NA,"138",0,0
0.008107323,-8.1e-07,0.981446529,2158,29,2.405345534,9.98e-05,622.2,131.4,372.1,1214.3,753.6,1586.4,0.533734961,0.011542311,0.501684307,0.011673583,0.50757142,0,2340,1170,0,1492.702205,746.3511025,0,1157.336254,578.668127,0,1,2,NA,1,0,1,2,NA,1,0,1,2,NA,1,NA,"103",1,0
0.005930593,-2.34e-05,0.987497618,2175,0,2.472597013,-0.000174,372.1,131.4,622.2,1214.3,503.5,1836.5,0.396606919,0.017107273,0.689955793,0.014256352,0.655543013,2340,0,1170,1492.702205,0,746.3511025,1157.336254,0,578.668127,0,1,2,NA,1,0,1,2,NA,1,0,1,2,NA,1,NA,"104",1,0
0.004048589,-1.57e-06,0.992488477,2383,0,1.612889005,-0.000437,590.7,202.9,674,1172.4,793.6,1846.4,0.457430447,0.015893121,0.443106767,0.01353725,0.436245745,0,2640,1320,0,1714.24078,857.12039,0,1321.270059,660.6350295,0,1,2,NA,1,0,1,2,NA,1,0,1,2,NA,1,NA,"139",1,0
0.004351766,1.43e-06,0.991026025,2398,0,1.445493293,1.19e-05,674,202.9,590.7,1172.4,876.9,1763.1,0.451660462,0.011715157,0.354813188,0.011727841,0.362630546,2640,0,1320,1714.24078,0,857.12039,1321.270059,0,660.6350295,0,1,2,NA,1,0,1,2,NA,1,0,1,2,NA,1,NA,"140",1,0
0.006426184,-5.62e-06,0.986289822,1891,42,2.39317435,0.002260464,545.2,98.7,390.4,1245.7,643.9,1636.1,0.451748295,0.009911988,0.581306086,0.009981021,0.607354646,0,2280,1140,0,1296.149673,648.0748365,0,1224.811955,612.4059775,0,1,2,NA,1,0,1,2,NA,1,0,1,2,NA,1,NA,"143",0,1
0.00440966,-4.17e-05,0.990088773,1945,0,1.672673178,-0.00043,390.4,98.7,545.2,1245.7,489.1,1790.9,0.37149732,0.013532501,0.728901654,0.011018422,0.727950118,2280,0,1140,1296.149673,0,648.0748365,1224.811955,0,612.4059775,0,1,2,NA,1,0,1,2,NA,1,0,1,2,NA,1,NA,"144",0,1
0.005919952,-1.09e-05,0.986538112,2244,0,2.064596935,-0.00061,702.1,88.8,263.9,1465.2,790.9,1729.1,0.62428725,0.010345976,0.499926571,0.01065362,0.529082011,0,2520,1260,0,1518.037956,759.018978,0,1336.277796,668.138898,0,1,2,NA,1,0,1,2,NA,1,0,1,2,NA,1,NA,"145",1,1
0.003536528,-2.42e-06,0.993086569,2248,0,1.904678808,-0.00291024,263.9,88.8,702.1,1465.2,352.7,2167.3,0.275315924,0.01010544,0.683493258,0.007287105,0.821667928,2520,0,1260,1518.037956,0,759.018978,1336.277796,0,668.138898,0,1,2,NA,1,0,1,2,NA,1,0,1,2,NA,1,NA,"146",1,1
0.005219335,2.31e-06,0.98903292,1680,8,1.380643947,-6.27e-18,425.6,88.7,393.5,1012.2,514.3,1405.7,0.588995705,0.008965245,0.506316324,0.009199181,0.525356582,0,1920,960,0,997.602802,498.801401,0,897.051948,448.525974,0,1,2,NA,1,0,1,2,NA,1,0,1,2,NA,1,NA,"147",1,1
0.004142992,-5.77e-06,0.992316729,1683,15,1.582117673,-0.00039,393.5,88.7,425.6,1012.2,482.2,1437.8,0.307879295,0.011420264,0.632620171,0.008748951,0.581322557,1920,0,960,997.602802,0,498.801401,897.051948,0,448.525974,0,1,2,NA,1,0,1,2,NA,1,0,1,2,NA,1,NA,"149",1,0
0.007441319,-0.000111,0.982866599,2112,34,2.242130545,-0.09096163,435,133.8,414.8,1356.4,568.8,1771.2,0.528472739,0.008792166,0.661214144,0.008727034,0.657552684,0,2340,1170,0,1003.836615,501.9183075,0,489.079435,244.5397175,0,1,2,NA,1,0,1,2,NA,1,0,1,2,NA,1,NA,"151",1,0
0.005089204,-1.96e-06,0.991016383,2130,22,2.004164462,-0.000599,414.8,133.8,435,1356.4,548.6,1791.4,0.356997346,0.013914313,0.69355316,0.011258484,0.66142829,2340,0,1170,1003.836615,0,501.9183075,489.079435,0,244.5397175,0,1,2,NA,1,0,1,2,NA,1,0,1,2,NA,1,NA,"152",1,1
0.005436446,-1.05e-05,0.988343891,1970,23,1.354878703,-0.00075,452,183.7,470.6,1173.7,635.7,1644.3,0.567419651,0.009842737,0.514512489,0.010386521,0.477121989,0,2280,1140,0,1378.448865,689.2244325,0,670.248235,335.1241175,0,1,2,NA,1,0,1,2,NA,1,0,1,2,NA,1,NA,"153",1,1
0.003686819,1.24e-05,0.992294524,2015,0,1.745352915,-0.004946381,470.6,183.7,452,1173.7,654.3,1625.7,0.315036489,0.01251421,0.622871386,0.010092221,0.605519746,2280,0,1140,1378.448865,0,689.2244325,670.248235,0,335.1241175,0,1,2,NA,1,0,1,2,NA,1,0,1,2,NA,1,NA,"154",1,0
0.004931905,-6.69e-05,0.987922991,2044,11,1.971286039,-0.003143093,597.3,140.2,430.6,1171.9,737.5,1602.5,0.476914901,0.013884799,0.621468789,0.011365728,0.523283508,0,2340,1170,0,1353.63302,676.81651,0,1290.108095,645.0540475,0,1,2,NA,1,0,1,2,NA,1,0,1,2,NA,1,NA,"155",1,0
0.007762507,-3.35e-05,0.981328685,2051,0,3.140080779,-0.005787891,430.6,140.2,597.3,1171.9,570.8,1769.2,0.398726125,0.008424425,0.565108941,0.008613755,0.596903963,2340,0,1170,1353.63302,0,676.81651,1290.108095,0,645.0540475,0,1,2,NA,1,0,1,2,NA,1,0,1,2,NA,1,NA,"156",1,0
0.00569356,0.00014,0.988088661,1849,9,1.938502608,-0.012295231,482.1,292.1,374.4,1551.4,774.2,1925.8,0.399916704,0.01631739,0.468614991,0.016438649,0.485017114,0,2700,1350,0,1282.074033,641.0370165,0,852.571066,426.285533,0,1,2,NA,1,0,1,2,NA,1,0,1,2,NA,1,NA,"105",1,1
0.00381462,7.41e-06,0.993298209,1832,5,1.57852312,0.001295755,374.4,292.1,482.1,1551.4,666.5,2033.5,0.29341663,0.016706455,0.633900491,0.014232336,0.651701001,2700,0,1350,1282.074033,0,641.0370165,852.571066,0,426.285533,0,1,2,NA,1,0,1,2,NA,1,0,1,2,NA,1,NA,"106",1,1
0.007594593,-4.75e-06,0.978751803,2443,42,2.426681143,0.001134789,702.8,187.6,602.7,1206.9,890.4,1809.6,0.505747182,0.025197001,0.540814726,0.022801449,0.524486515,0,2700,1350,0,1789.952229,894.9761145,0,1223.276377,611.6381885,0,1,2,NA,1,0,1,2,NA,1,0,1,2,NA,1,NA,"159",0,0
0.005149098,-4.1e-05,0.987607905,2475,1,1.468891216,-0.00093,602.7,187.6,702.8,1206.9,790.3,1909.7,0.403882447,0.010442761,0.593705475,0.01044537,0.611623558,2700,0,1350,1789.952229,0,894.9761145,1223.276377,0,611.6381885,0,1,2,NA,1,0,1,2,NA,1,0,1,2,NA,1,NA,"160",0,0
0.00624698,1.15e-05,0.985821922,2035,24,2.252367694,0.012518795,531.2,112.2,417.9,1218.7,643.4,1636.6,0.377897756,0.013650457,0.706506922,0.011275404,0.674501189,0,2280,1140,0,1467.633005,733.8165025,0,1449.921091,724.9605455,0,1,2,NA,1,0,1,2,NA,1,0,1,2,NA,1,NA,"161",0,0
0.006131558,-2e-06,0.984743801,2038,0,2.909164423,4.11e-18,417.9,112.2,531.2,1218.7,530.1,1749.9,0.502803998,0.007834414,0.58768193,0.007862478,0.607839897,2280,0,1140,1467.633005,0,733.8165025,1449.921091,0,724.9605455,0,1,2,NA,1,0,1,2,NA,1,0,1,2,NA,1,NA,"162",0,0
0.009733163,-3.55e-05,0.974100856,2401,91,3.069877279,0.001647607,694.6,228.7,538.7,1358,923.3,1896.7,0.503046294,0.020030329,0.458454201,0.021516557,0.458046042,0,2820,1410,0,1862.473173,931.2365865,0,754.179872,377.089936,0,1,2,NA,1,0,1,2,NA,1,0,1,2,NA,1,NA,"163",1,0
0.005573144,6.08e-06,0.98572208,2484,8,2.58047143,-0.00170413,538.7,228.7,694.6,1358,767.4,2052.6,0.383478529,0.030581432,0.508502029,0.028160907,0.505596254,2820,0,1410,1862.473173,0,931.2365865,754.179872,0,377.089936,0,1,2,NA,1,0,1,2,NA,1,0,1,2,NA,1,NA,"164",1,0
0.006902383,5.33e-06,0.983696159,2049,35,1.992896353,0.000611,621.6,112.7,460.1,1085.6,734.3,1545.7,0.487773896,0.008946718,0.719186176,0.009073984,0.616766871,0,2280,1140,0,1544.640352,772.320176,0,1430.629987,715.3149935,0,1,2,NA,1,0,1,2,NA,1,0,1,2,NA,1,NA,"165",0,0
0.005260786,6.7e-05,0.9895724,2059,19,3.028139079,-0.002531613,460.1,112.7,621.6,1085.6,572.8,1707.2,0.326699788,0.01058432,0.756842732,0.007992623,0.623231714,2280,0,1140,1544.640352,0,772.320176,1430.629987,0,715.3149935,0,1,2,NA,1,0,1,2,NA,1,0,1,2,NA,1,NA,"166",0,1
0.0041092,3.47e-05,0.991767671,2361,28,1.453357644,-0.001439439,612.1,108.5,338.3,1581.1,720.6,1919.4,0.469325057,0.01491074,0.645429873,0.012706189,0.522838646,0,2640,1320,0,1721.998522,860.999261,0,1358.274092,679.137046,0,1,2,NA,1,0,1,2,NA,1,0,1,2,NA,1,NA,"167",0,1
0.006960671,-3.58e-05,0.983564029,2312,47,2.581559234,-9.45e-05,338.3,108.5,612.1,1581.1,446.8,2193.2,0.424235549,0.008422286,0.724082217,0.008221272,0.660449537,2640,0,1320,1721.998522,0,860.999261,1358.274092,0,679.137046,0,1,2,NA,1,0,1,2,NA,1,0,1,2,NA,1,NA,"168",0,0
0.006139174,-2.99e-05,0.985248568,2271,12,1.830976745,-0.011270848,413.9,99.7,611,1635.4,513.6,2246.4,0.419378955,0.012135101,0.696945772,0.012418218,0.684832327,0,2760,1380,0,1672.909823,836.4549115,0,1399.340108,699.670054,0,1,2,NA,1,0,1,2,NA,1,0,1,2,NA,1,28.51995889,"171",0,1
0.004566856,-4.5e-06,0.990300391,2285,0,2.155669978,4.14e-05,611,99.7,413.9,1635.4,710.7,2049.3,0.421200755,0.015008135,0.604517695,0.012608205,0.582918475,2760,0,1380,1672.909823,0,836.4549115,1399.340108,0,699.670054,0,1,2,NA,1,0,1,2,NA,1,0,1,2,NA,1,30.67896033,"172",0,1
0.006068472,-7.04e-05,0.987389738,1976,18,1.661184596,-0.007588128,469,97.1,520.2,1193.7,566.1,1713.9,0.312984836,0.006519857,0.85837247,0.006744665,0.826376399,0,2280,1140,0,1329.770453,664.8852265,0,1039.643436,519.821718,0,1,2,NA,1,0,1,2,NA,1,0,1,2,NA,1,28.75104141,"173",1,0
0.003244456,-2.24e-05,0.993389159,2003,0,1.24170508,0.001481585,520.2,97.1,469,1193.7,617.3,1662.7,0.379559024,0.00977383,0.788116169,0.007434722,0.63781224,2280,0,1140,1329.770453,0,664.8852265,1039.643436,0,519.821718,0,1,2,NA,1,0,1,2,NA,1,0,1,2,NA,1,29.60033426,"174",1,1
0.004882061,1.48e-05,0.989899125,2013,0,1.176722117,-0.005777736,513.2,149.3,412,1205.5,662.5,1617.5,0.580918841,0.007842613,0.492668864,0.008231796,0.482158787,0,2280,1140,0,1379.954943,689.9774715,0,1251.89687,625.948435,0,1,2,NA,1,0,1,2,NA,1,0,1,2,NA,1,27.82055289,"175",1,1
0.003554959,3.71e-06,0.993971873,2034,0,1.630670168,-0.00306771,412,149.3,513.2,1205.5,561.3,1718.7,0.274782913,0.01211636,0.759646261,0.0094552,0.687110564,2280,0,1140,1379.954943,0,689.9774715,1251.89687,0,625.948435,0,1,2,NA,1,0,1,2,NA,1,0,1,2,NA,1,27.88169455,"176",1,1
0.004136941,-2.85e-06,0.992590726,2188,22,1.637713964,-0.001487183,423,115.6,382.9,1598.5,538.6,1981.4,0.381483088,0.014922988,0.719024971,0.012723082,0.720463616,0,2520,1260,0,1527.619632,763.809816,0,1253.876919,626.9384595,0,1,2,NA,1,0,1,2,NA,1,0,1,2,NA,1,29.85637277,"177",1,1
0.005363676,-1.75e-06,0.989023576,2214,0,1.918354634,-0.001438752,382.9,115.6,423,1598.5,498.5,2021.5,0.485580404,0.0097749,0.564666214,0.010245023,0.677135079,2520,0,1260,1527.619632,0,763.809816,1253.876919,0,626.9384595,0,1,2,NA,1,0,1,2,NA,1,0,1,2,NA,1,27.3288974,"178",1,1
0.004137188,-1.96e-05,0.992711442,2435,27,1.409660981,0.002153486,341.5,85.6,566.8,1886.1,427.1,2452.9,0.264312935,0.010627183,0.933127958,0.007926188,0.869401812,0,2880,1440,0,1678.51469,839.257345,0,1493.612328,746.806164,0,1,2,NA,1,0,1,2,NA,1,0,1,2,NA,1,NA,"107",1,1
0.006347103,-1.38e-06,0.986370846,2448,11,2.361932483,2.32e-05,566.8,85.6,341.5,1886.1,652.4,2227.6,0.562075954,0.007945531,0.822422156,0.008022321,0.748154361,2880,0,1440,1678.51469,0,839.257345,1493.612328,0,746.806164,0,1,2,NA,1,0,1,2,NA,1,0,1,2,NA,1,NA,"108",1,1
0.008242493,3.32e-05,0.976724587,2127,126,2.736967339,0.004222435,516.5,132.9,450.7,1419.9,649.4,1870.6,0.622836481,0.014476845,0.736071242,0.012228906,0.633003461,0,2520,1260,0,590.030368,295.015184,0,199.659227,99.8296135,0,1,2,NA,1,0,1,2,NA,1,0,1,2,NA,1,30.59219053,"179",1,0
0.004298158,-3.93e-05,0.990322272,1260,0,1.210139967,0.001466688,450.7,132.9,516.5,1419.9,583.6,1936.4,0.232322249,0.01001468,0.546471334,0.010277193,0.571319949,2520,0,1260,590.030368,0,295.015184,199.659227,0,99.8296135,0,1,2,NA,1,0,1,2,NA,1,0,1,2,NA,1,30.51981698,"180",1,0
0.006030566,1.29e-05,0.986248001,2181,33,1.533507723,0.002910658,511.5,135.7,559.9,1312.9,647.2,1872.8,0.496670232,0.011615473,0.523375511,0.012464648,0.52153245,0,2520,1260,0,1720.47183,860.235915,0,1606.439074,803.219537,0,1,2,NA,1,0,1,2,NA,1,0,1,2,NA,1,30.51943919,"181",1,0
0.004577027,-5.25e-05,0.991838865,2209,0,1.957118053,-0.000837,559.9,135.7,511.5,1312.9,695.6,1824.4,0.383091673,0.015067468,0.646659232,0.012649563,0.605627793,2520,0,1260,1720.47183,0,860.235915,1606.439074,0,803.219537,0,1,2,NA,1,0,1,2,NA,1,0,1,2,NA,1,29.8018703,"182",1,1
0.005452467,-8.97e-06,0.988108754,2260,23,1.772930936,0.002307769,476.4,122.2,572.4,1349,598.6,1921.4,0.544440189,0.009176859,0.623586206,0.009162529,0.629633359,0,2520,1260,0,1662.233878,831.116939,0,1584.733658,792.366829,0,1,2,NA,1,0,1,2,NA,1,0,1,2,NA,1,29.20064268,"183",0,0
0.003778309,-3.85e-05,0.991577109,2294,0,1.63525255,-0.007369252,572.4,122.2,476.4,1349,694.6,1825.4,0.340877272,0.011141234,0.672524344,0.008677403,0.614176141,2520,0,1260,1662.233878,0,831.116939,1584.733658,0,792.366829,0,1,2,NA,1,0,1,2,NA,1,0,1,2,NA,1,29.91639526,"184",0,0
0.006532408,1.09e-07,0.982785193,2213,30,1.640482217,8.51e-05,676.2,235.7,483.2,1184.9,911.9,1668.1,0.47597532,0.013780608,0.500115949,0.011481491,0.407673976,0,2580,1290,0,1609.395697,804.6978485,0,914.214776,457.107388,0,1,2,NA,1,0,1,2,NA,1,0,1,2,NA,1,29.8583847,"185",1,0
0.006392719,-9.32e-07,0.984445182,2317,1,2.393715381,-0.002889717,483.2,235.7,676.2,1184.9,718.9,1861.1,0.381389021,0.009434001,0.590390138,0.009523832,0.583402774,2580,0,1290,1609.395697,0,804.6978485,914.214776,0,457.107388,0,1,2,NA,1,0,1,2,NA,1,0,1,2,NA,1,28.63032584,"186",1,0
0.006763072,4.61e-06,0.984845733,2271,23,2.036454105,-0.004251458,401,266.2,720.8,1312,667.2,2032.8,0.517168348,0.008426356,0.716640846,0.008819756,0.713047804,0,2700,1350,0,1683.208303,841.6041515,0,1656.947916,828.473958,0,1,2,NA,1,0,1,2,NA,1,0,1,2,NA,1,27.67982142,"187",0,0
0.004323135,-5.38e-06,0.990816156,2318,0,2.074368078,-0.001800621,720.8,266.2,401,1312,987,1713,0.26060943,0.010020181,0.707862952,0.007549591,0.610124863,2700,0,1350,1683.208303,0,841.6041515,1656.947916,0,828.473958,0,1,2,NA,1,0,1,2,NA,1,0,1,2,NA,1,29.23217199,"188",0,0
0.005935927,-8.85e-05,0.985937573,1608,11,1.531439289,-0.001242571,407.1,165.8,326.5,1020.6,572.9,1347.1,0.459609015,0.012846363,0.45084727,0.013349106,0.473786522,0,1920,960,0,1177.3647,588.68235,0,1094.569253,547.2846265,0,1,2,NA,1,0,1,2,NA,1,0,1,2,NA,1,26.61368617,"189",0,1
0.004252582,2.04e-06,0.990846502,1613,0,1.651805474,1.29e-05,326.5,165.8,407.1,1020.6,492.3,1427.7,0.378932652,0.012781747,0.651368727,0.011238742,0.590447032,1920,0,960,1177.3647,0,588.68235,1094.569253,0,547.2846265,0,1,2,NA,1,0,1,2,NA,1,0,1,2,NA,1,27.65392635,"190",0,1
0.00676075,1.17e-05,0.983329731,1882,17,1.729781839,-0.001637809,673.2,150.4,295.7,1100.7,823.6,1396.4,0.45937066,0.014580612,0.51412919,0.014941797,0.537080542,0,2220,1110,0,1269.309859,634.6549295,0,1089.178187,544.5890935,0,1,2,NA,1,0,1,2,NA,1,0,1,2,NA,1,29.31868684,"191",0,0
0.003567288,1.09e-07,0.993604407,1898,0,1.326548061,-0.000525,295.7,150.4,673.2,1100.7,446.1,1773.9,0.391079791,0.015552601,0.670183621,0.01280462,0.601285673,2220,0,1110,1269.309859,0,634.6549295,1089.178187,0,544.5890935,0,1,2,NA,1,0,1,2,NA,1,0,1,2,NA,1,29.35160944,"192",0,1
0.005031007,-5.21e-06,0.990022144,2169,9,1.465804973,-0.001880905,475.2,120.5,571,1353.3,595.7,1924.3,0.468904944,0.009184247,0.685683598,0.009285713,0.65277986,0,2520,1260,0,1489.667684,744.833842,0,940.253004,470.126502,0,1,2,NA,1,0,1,2,NA,1,0,1,2,NA,1,28.83142231,"193",1,1
0.003988515,1.92e-06,0.993143411,2128,22,1.591667701,0.002796018,571,120.5,475.2,1353.3,691.5,1828.5,0.382285532,0.01279026,0.678429596,0.010080468,0.656798519,2520,0,1260,1489.667684,0,744.833842,940.253004,0,470.126502,0,1,2,NA,1,0,1,2,NA,1,0,1,2,NA,1,29.94135414,"194",1,1
0.006209304,-5.07e-05,0.986217806,1989,20,1.629049069,-0.004543984,514.1,154,489.9,1182,668.1,1671.9,0.455792113,0.007307856,0.554203676,0.007461597,0.578167266,0,2340,1170,0,1554.950832,777.475416,0,1364.395475,682.1977375,0,1,2,NA,1,0,1,2,NA,1,0,1,2,NA,1,29.29841962,"195",1,0
0.00401874,-7.6e-05,0.991995253,1991,17,1.246900105,0.003347163,489.9,154,514.1,1182,643.9,1696.1,0.396344639,0.011466872,0.745088142,0.008880791,0.583760945,2340,0,1170,1554.950832,0,777.475416,1364.395475,0,682.1977375,0,1,2,NA,1,0,1,2,NA,1,0,1,2,NA,1,28.69106061,"196",1,0
0.00561605,-3.01e-06,0.988178902,2005,11,1.720918567,-0.000211,433.2,104.8,544,1258,538,1802,0.528275667,0.015132284,0.600445785,0.016212088,0.610021208,0,2340,1170,0,1271.802899,635.9014495,0,974.484723,487.2423615,0,1,2,NA,1,0,1,2,NA,1,0,1,2,NA,1,28.08872567,"197",1,0
0.003364251,4.65e-05,0.994430829,2010,0,0.985947577,0.007321825,544,104.8,433.2,1258,648.8,1691.2,0.321296982,0.011643667,0.45926786,0.009174101,0.554391031,2340,0,1170,1271.802899,0,635.9014495,974.484723,0,487.2423615,0,1,2,NA,1,0,1,2,NA,1,0,1,2,NA,1,28.60183823,"198",1,0
0.004734603,-4.29e-06,0.989474979,2195,19,1.597159152,0.000609,217.6,126.2,565.4,1550.8,343.8,2116.2,0.446032705,0.015487054,0.790171896,0.01288701,0.794010442,0,2460,1230,0,1589.531409,794.7657045,0,1323.399891,661.6999455,0,1,2,NA,1,0,1,2,NA,1,0,1,2,NA,1,NA,"109",1,0
0.005058383,-5.13e-05,0.989258518,2215,0,1.81448214,0.001807858,565.4,126.2,217.6,1550.8,691.6,1768.4,0.446243718,0.008837882,0.611920937,0.008937685,0.600042956,2460,0,1230,1589.531409,0,794.7657045,1323.399891,0,661.6999455,0,1,2,NA,1,0,1,2,NA,1,0,1,2,NA,1,NA,"110",1,1
0.006190719,-7.29e-07,0.984224072,2013,31,1.864492134,0.001360627,563,187.3,532.6,1057.1,750.3,1589.7,0.425062543,0.014728313,0.391818959,0.015699497,0.437092911,0,2340,1170,0,1392.398947,696.1994735,0,1084.667437,542.3337185,0,1,2,NA,1,0,1,2,NA,1,0,1,2,NA,1,29.41030117,"201",1,0
0.003831792,-3.26e-05,0.99162892,2043,0,1.917310805,0.001330508,532.6,187.3,563,1057.1,719.9,1620.1,0.43775797,0.015880011,0.479012815,0.013468757,0.444216568,2340,0,1170,1392.398947,0,696.1994735,1084.667437,0,542.3337185,0,1,2,NA,1,0,1,2,NA,1,0,1,2,NA,1,30.26262336,"202",1,0
0.006038833,2.79e-05,0.986169987,1852,16,1.738228409,-0.008303874,301.7,225.7,500.1,1132.5,527.4,1632.6,0.530434121,0.01362429,0.520201863,0.014544961,0.552573809,0,2160,1080,0,953.945628,476.972814,0,953.206131,476.6030655,0,1,2,NA,1,0,1,2,NA,1,0,1,2,NA,1,27.70123259,"203",1,1
0.004080852,-0.000107,0.991117984,1837,1,1.546233842,-0.002551094,500.1,225.7,301.7,1132.5,725.8,1434.2,0.316788101,0.013081222,0.568656657,0.010540848,0.495560671,2160,0,1080,953.945628,0,476.972814,953.206131,0,476.6030655,0,1,2,NA,1,0,1,2,NA,1,0,1,2,NA,1,29.19615792,"204",1,0
0.007289587,4.75e-06,0.981820485,2386,75,2.121346821,-0.004223513,539.7,157.3,550.7,1512.3,697,2063,0.512494166,0.010975034,0.539716433,0.011264017,0.558384194,0,2760,1380,0,1718.459787,859.2298935,0,1505.745677,752.8728385,0,1,2,NA,1,0,1,2,NA,1,0,1,2,NA,1,28.26757321,"205",0,1
0.004685127,-1.07e-06,0.991240711,2444,7,1.695986614,-0.000176,550.7,157.3,539.7,1512.3,708,2052,0.369389892,0.015772647,0.610369505,0.013356404,0.5975222,2760,0,1380,1718.459787,0,859.2298935,1505.745677,0,752.8728385,0,1,2,NA,1,0,1,2,NA,1,0,1,2,NA,1,29.16445393,"206",0,1
0.007083545,3.51e-05,0.984110305,2075,34,2.273480748,-0.006966043,479.9,159.8,535.6,1224.7,639.7,1760.3,0.43079146,0.01701359,0.523903894,0.01726175,0.542480038,0,2400,1200,0,1401.715559,700.8577795,0,1180.271419,590.1357095,0,1,2,NA,1,0,1,2,NA,1,0,1,2,NA,1,28.08126503,"207",1,0
0.005929079,-2.67e-05,0.985478886,2078,26,2.188912718,0.01133084,535.6,159.8,479.9,1224.7,695.4,1704.6,0.44920854,0.021028121,0.426220966,0.018471787,0.41595896,2400,0,1200,1401.715559,0,700.8577795,1180.271419,0,590.1357095,0,1,2,NA,1,0,1,2,NA,1,0,1,2,NA,1,29.49635618,"208",1,0
0.004895434,1.31e-05,0.990054182,1964,0,1.237089198,0.003004767,498,164.2,386.5,1231.3,662.2,1617.8,0.403405666,0.009598189,0.63868415,0.009753619,0.652096029,0,2280,1140,0,1432.207514,716.103757,0,753.253284,376.626642,0,1,2,NA,1,0,1,2,NA,1,0,1,2,NA,1,29.43120122,"209",1,0
0.004514265,8.2e-06,0.990740506,1973,0,1.938991766,-0.00098,386.5,164.2,498,1231.3,550.7,1729.3,0.437822404,0.015015825,0.62989424,0.012545032,0.58481659,2280,0,1140,1432.207514,0,716.103757,753.253284,0,376.626642,0,1,2,NA,1,0,1,2,NA,1,0,1,2,NA,1,30.21198214,"210",1,0
0.005674892,-3.64e-06,0.987210921,2330,23,1.627552358,-0.000324,569,127,448.8,1555.2,696,2004,0.473337107,0.011811627,0.52182934,0.01224951,0.521082839,0,2700,1350,0,1751.719193,875.8595965,0,1544.157362,772.078681,0,1,2,NA,1,0,1,2,NA,1,0,1,2,NA,1,28.27755389,"211",1,1
0.005268974,-3.98e-06,0.989497596,2364,0,2.480305054,-0.000605,448.8,127,569,1555.2,575.8,2124.2,0.395181412,0.014669513,0.574438305,0.012025263,0.594748241,2700,0,1350,1751.719193,0,875.8595965,1544.157362,0,772.078681,0,1,2,NA,1,0,1,2,NA,1,0,1,2,NA,1,30.17552627,"212",1,1
0.006545671,8.06e-08,0.985716646,1802,7,1.685034569,-0.005552018,445.7,179.9,333.7,1140.7,625.6,1474.4,0.425061022,0.010115713,0.567620708,0.010385572,0.461297749,0,2100,1050,0,1394.320655,697.1603275,0,1217.56409,608.782045,0,1,2,NA,1,0,1,2,NA,1,0,1,2,NA,1,27.00001788,"213",1,1
0.004563072,2.22e-06,0.990695756,1803,0,2.0360066,-0.003991332,333.7,179.9,445.7,1140.7,513.6,1586.4,0.409700883,0.019684013,0.579269826,0.017160071,0.567030467,2100,0,1050,1394.320655,0,697.1603275,1217.56409,0,608.782045,0,1,2,NA,1,0,1,2,NA,1,0,1,2,NA,1,29.19284322,"214",1,1
0.006964307,-8.26e-06,0.983232372,2172,36,2.42441663,-0.002135141,547.7,193,446.9,1332.4,740.7,1779.3,0.525242423,0.008067118,0.468637219,0.008555515,0.482502487,0,2520,1260,0,1559.162295,779.5811475,0,1525.657103,762.8285515,0,1,2,NA,1,0,1,2,NA,1,0,1,2,NA,1,28.43994147,"215",1,0
0.005119599,6.59e-06,0.990182433,2162,26,2.256071761,0.002174281,446.9,193,547.7,1332.4,639.9,1880.1,0.354122657,0.012410796,0.67993357,0.009930687,0.631775015,2520,0,1260,1559.162295,0,779.5811475,1525.657103,0,762.8285515,0,1,2,NA,1,0,1,2,NA,1,0,1,2,NA,1,29.99494676,"216",1,0
0.006801732,-0.000112,0.984820508,2021,0,2.193006775,-0.000823,552.3,225.8,410.2,1151.7,778.1,1561.9,0.462152942,0.014482221,0.384728268,0.015250982,0.417122039,0,2340,1170,0,1502.567967,751.2839835,0,1390.305032,695.152516,0,1,2,NA,1,0,1,2,NA,1,0,1,2,NA,1,29.65981034,"417",1,1
0.005465843,1.64e-05,0.988427164,2007,9,2.440392898,0.016981655,410.2,225.8,552.3,1151.7,636,1704,0.400667571,0.014907354,0.634515094,0.012305944,0.621614494,2340,0,1170,1502.567967,0,751.2839835,1390.305032,0,695.152516,0,1,2,NA,1,0,1,2,NA,1,0,1,2,NA,1,28.66282653,"418",1,1
0.007195428,-3.97e-05,0.984235347,2201,53,2.938375885,-0.000611,383.2,122.1,314.8,1639.9,505.3,1954.7,0.284525997,0.012004978,0.770996096,0.009161867,0.671949316,0,2460,1230,0,1490.946886,745.473443,0,868.727874,434.363937,0,1,2,NA,1,0,1,2,NA,1,0,1,2,NA,1,NA,"111",1,1
0.005942034,-5.82e-06,0.987447907,2284,0,1.958453445,-0.000267,314.8,122.1,383.2,1639.9,436.9,2023.1,0.630108149,0.009119351,0.746306407,0.008837516,0.700077765,2460,0,1230,1490.946886,0,745.473443,868.727874,0,434.363937,0,1,2,NA,1,0,1,2,NA,1,0,1,2,NA,1,NA,"112",1,0
0.0084283,-1.47e-06,0.979133609,1609,58,3.36324774,-0.004437684,425,152.4,436.8,965.8,577.4,1402.6,0.380200429,0.010196457,0.395325307,0.010475559,0.467374446,0,1980,990,0,1131.374792,565.687396,0,1106.45461,553.227305,0,1,2,NA,1,0,1,2,NA,1,0,1,2,NA,1,28.99635131,"219",0,0
0.005527561,-7.88e-06,0.989179989,1627,22,2.647133286,-0.00393283,436.8,152.4,425,965.8,589.2,1390.8,0.432930885,0.01481845,0.568442995,0.012185479,0.502750244,1980,0,990,1131.374792,0,565.687396,1106.45461,0,553.227305,0,1,2,NA,1,0,1,2,NA,1,0,1,2,NA,1,29.62756508,"220",0,0
0.007623469,5e-05,0.982998595,2243,51,2.109736644,0.003186371,555.4,179.4,403.4,1501.8,734.8,1905.2,0.498991786,0.012888255,0.501056239,0.013295659,0.478022,0,2640,1320,0,1681.642506,840.821253,0,1516.021179,758.0105895,0,1,2,NA,1,0,1,2,NA,1,0,1,2,NA,1,28.17829505,"223",0,0
0.004360002,1.05e-05,0.990430396,2314,0,1.807733403,0.004685639,403.4,179.4,555.4,1501.8,582.8,2057.2,0.381690032,0.017976423,0.688526859,0.015378317,0.67466292,2640,0,1320,1681.642506,0,840.821253,1516.021179,0,758.0105895,0,1,2,NA,1,0,1,2,NA,1,0,1,2,NA,1,28.62595857,"224",0,0
0.003145692,-6.09e-05,0.993576249,1908,0,1.369409652,0.000106,401.1,173.4,400.9,1244.6,574.5,1645.5,0.350956538,0.010309306,0.808870932,0.007739719,0.691603532,0,2220,1110,0,1335.25748,667.62874,0,1071.025492,535.512746,0,1,2,NA,1,0,1,2,NA,1,0,1,2,NA,1,29.05561835,"226",1,1
0.004807453,1.84e-05,0.989362773,1930,8,1.129245414,-0.005594138,400.9,173.4,401.1,1244.6,574.3,1645.7,0.320214633,0.006134449,0.744408873,0.00644486,0.776367402,2220,0,1110,1335.25748,0,667.62874,1071.025492,0,535.512746,0,1,2,NA,1,0,1,2,NA,1,0,1,2,NA,1,26.93456138,"425",1,1
0.0076205,-5.27e-05,0.982005926,1809,41,2.346827289,-0.003614855,285.3,55.4,247.7,1391.6,340.7,1639.3,0.630555275,0.007482927,0.824642702,0.007842716,0.815506267,0,1980,990,0,1256.654737,628.3273685,0,1049.136464,524.568232,0,1,2,NA,1,0,1,2,NA,1,0,1,2,NA,1,26.53076595,"217",1,1
0.006272337,1.71e-05,0.987136676,1808,29,1.909927565,0.004848045,247.7,55.4,285.3,1391.6,303.1,1676.9,0.199242705,0.01171408,0.812818879,0.008583618,0.811668198,1980,0,990,1256.654737,0,628.3273685,1049.136464,0,524.568232,0,1,2,NA,1,0,1,2,NA,1,0,1,2,NA,1,27.59613946,"228",1,1
0.004504023,-5.25e-05,0.990312544,1735,15,1.792712084,-0.001361757,481.9,104.8,344.8,1108.5,586.7,1453.3,0.436213896,0.022321616,0.442762429,0.020314777,0.452517933,0,2040,1020,0,1206.932184,603.466092,0,1159.016537,579.5082685,0,1,2,NA,1,0,1,2,NA,1,0,1,2,NA,1,29.44243444,"229",0,0
0.007128983,1.54e-05,0.983956937,1739,7,3.310474109,0.001910365,344.8,104.8,481.9,1108.5,449.6,1590.4,0.386335124,0.012455035,0.671076198,0.012335838,0.568678444,2040,0,1020,1206.932184,0,603.466092,1159.016537,0,579.5082685,0,1,2,NA,1,0,1,2,NA,1,0,1,2,NA,1,28.30089658,"230",0,0
0.005188879,-1.69e-06,0.987665394,2148,0,2.552312131,0.000252,544.7,163.7,512.3,1239.3,708.4,1751.6,0.426202423,0.011125014,0.70535328,0.008528541,0.647064609,0,2460,1230,0,1505.498169,752.7490845,0,934.58305,467.291525,0,1,2,NA,1,0,1,2,NA,1,0,1,2,NA,1,29.50929431,"232",1,1
0.006486498,-4.03e-05,0.984843914,2120,48,2.014183797,0.002603753,512.3,163.7,544.7,1239.3,676,1784,0.439651236,0.007750336,0.593961197,0.007992101,0.605616444,2460,0,1230,1505.498169,0,752.7490845,934.58305,0,467.291525,0,1,2,NA,1,0,1,2,NA,1,0,1,2,NA,1,29.21804366,"431",1,0
0.003416835,-4.35e-05,0.993122292,1948,0,1.315264725,-0.000977,581.6,170.5,507.9,1020,752.1,1527.9,0.3271717,0.011319834,0.777947074,0.008439521,0.574206655,0,2280,1140,0,1462.263971,731.1319855,0,1241.302108,620.651054,0,1,2,NA,1,0,1,2,NA,1,0,1,2,NA,1,28.02651878,"249",1,0
0.00503,-3.69e-05,0.990046539,1939,13,1.27933358,0.000779,507.9,170.5,581.6,1020,678.4,1601.6,0.512740581,0.007476144,0.518670422,0.007664138,0.566076706,2280,0,1140,1462.263971,0,731.1319855,1241.302108,0,620.651054,0,1,2,NA,1,0,1,2,NA,1,0,1,2,NA,1,27.87118518,"433",1,1
0.007024858,-1.04e-05,0.983653743,2081,26,2.793007737,-0.006666112,568.9,179.7,571.6,1139.8,748.6,1711.4,0.414457401,0.014419648,0.43235263,0.015318582,0.475493491,0,2460,1230,0,1585.079332,792.539666,0,1504.833287,752.4166435,0,1,2,NA,1,0,1,2,NA,1,0,1,2,NA,1,27.74110797,"235",1,1
0.005571755,-1.4e-06,0.989526643,2076,7,2.564442994,-0.000306,571.6,179.7,568.9,1139.8,751.3,1708.7,0.427819022,0.016340126,0.50105727,0.013781422,0.483680817,2460,0,1230,1585.079332,0,792.539666,1504.833287,0,752.4166435,0,1,2,NA,1,0,1,2,NA,1,0,1,2,NA,1,28.64306282,"236",1,1
0.005507152,-4.54e-05,0.987383652,2331,12,1.635487485,-0.000752,531.1,359.3,398.3,1351.3,890.4,1749.6,0.543587908,0.01728996,0.443948351,0.017827949,0.426258896,0,2640,1320,0,1703.891871,851.9459355,0,1585.847369,792.9236845,0,1,2,NA,1,0,1,2,NA,1,0,1,2,NA,1,29.04781551,"233",1,1
0.004452408,-4.67e-05,0.990706207,2332,3,1.617288049,-0.009662832,398.3,359.3,531.1,1351.3,757.6,1882.4,0.340503002,0.022592491,0.679191132,0.019916953,0.662454767,2640,0,1320,1703.891871,0,851.9459355,1585.847369,0,792.9236845,0,1,2,NA,1,0,1,2,NA,1,0,1,2,NA,1,29.35341993,"238",1,0
0.006998317,-1.31e-05,0.98463176,2124,44,1.946068108,-0.00045,445.1,211.3,477.9,1325.7,656.4,1803.6,0.559922029,0.011643289,0.608201577,0.011779946,0.541542813,0,2460,1230,0,1509.717431,754.8587155,0,583.99666,291.99833,0,1,2,NA,1,0,1,2,NA,1,0,1,2,NA,1,27.82718757,"239",0,1
0.002978567,-7.3e-05,0.994291816,2159,0,1.239012515,-0.00312127,477.9,211.3,445.1,1325.7,689.2,1770.8,0.319752768,0.0127683,0.499687512,0.010016588,0.522820698,2460,0,1230,1509.717431,0,754.8587155,583.99666,0,291.99833,0,1,2,NA,1,0,1,2,NA,1,0,1,2,NA,1,27.72104509,"240",0,1
0.006188165,-1.72e-05,0.985928076,2277,37,1.975701134,0.001396642,457.7,144.4,562.4,1475.5,602.1,2037.9,0.518015994,0.010552017,0.682263733,0.010736922,0.525229344,0,2640,1320,0,1673.718958,836.859479,0,1384.290088,692.145044,0,1,2,NA,1,0,1,2,NA,1,0,1,2,NA,1,28.5786378,"241",0,0
0.003879735,1.1e-05,0.991280658,2323,0,1.51941412,-0.003950747,562.4,144.4,457.7,1475.5,706.8,1933.2,0.369862794,0.012476947,0.595611052,0.010097134,0.545586508,2640,0,1320,1673.718958,0,836.859479,1384.290088,0,692.145044,0,1,2,NA,1,0,1,2,NA,1,0,1,2,NA,1,30.12354995,"242",0,0
0.007744921,-9.19e-05,0.98380052,2091,24,2.344003841,-0.010947111,531,235.5,399.3,1294.2,766.5,1693.5,0.494076956,0.012967469,0.428818801,0.013365815,0.444305283,0,2460,1230,0,1434.06666,717.03333,0,1433.619639,716.8098195,0,1,2,NA,1,0,1,2,NA,1,0,1,2,NA,1,28.42424361,"243",1,1
0.003374762,-6.73e-06,0.993024371,2115,0,1.561832547,-0.00469759,399.3,235.5,531,1294.2,634.8,1825.2,0.352264508,0.016568035,0.549895998,0.013869759,0.516443246,2460,0,1230,1434.06666,0,717.03333,1433.619639,0,716.8098195,0,1,2,NA,1,0,1,2,NA,1,0,1,2,NA,1,29.36819376,"673",1,0
0.006155705,-1.19e-05,0.985215183,2353,59,1.591142423,-0.000557,576.6,116.8,531.5,1415.1,693.4,1946.6,0.523125079,0.0109775,0.487579638,0.011417013,0.530091163,0,2640,1320,0,1739.472772,869.736386,0,1674.163387,837.0816935,0,1,2,NA,1,0,1,2,NA,1,0,1,2,NA,1,27.50876323,"245",0,1
0.005617447,-5.88e-07,0.987954805,2391,0,2.391722553,-0.000447,531.5,116.8,576.6,1415.1,648.3,1991.7,0.391647648,0.012947818,0.718809005,0.010297103,0.656564444,2640,0,1320,1739.472772,0,869.736386,1674.163387,0,837.0816935,0,1,2,NA,1,0,1,2,NA,1,0,1,2,NA,1,28.38244358,"246",0,0
0.006971929,-3.84e-06,0.983911294,2137,28,2.0709364,0.000729,453.4,163.1,420.9,1362.6,616.5,1783.5,0.441457926,0.022793217,0.652450525,0.024135276,0.642959218,0,2400,1200,0,1547.083859,773.5419295,0,1529.387794,764.693897,0,1,2,NA,1,0,1,2,NA,1,0,1,2,NA,1,28.94041837,"247",0,1
0.005912378,-6.65e-05,0.987230642,2104,56,2.394275649,-0.004746774,420.9,163.1,453.4,1362.6,584,1816,0.461042074,0.020808517,0.73027613,0.018256551,0.706986466,2400,0,1200,1547.083859,0,773.5419295,1529.387794,0,764.693897,0,1,2,NA,1,0,1,2,NA,1,0,1,2,NA,1,29.63420224,"248",0,1
0.006297124,-8.26e-05,0.984948096,1746,25,1.937962148,-0.01139287,391.5,65,523.3,1120.2,456.5,1643.5,0.483895597,0.019823546,0.552189259,0.021243269,0.546091195,0,2100,1050,0,1099.963985,549.9819925,0,881.36619,440.683095,0,1,2,NA,1,0,1,2,NA,1,0,1,2,NA,1,29.48026682,"253",1,0
0.003823085,3.06e-05,0.99316046,1752,12,1.763825478,0.003217344,523.3,65,391.5,1120.2,588.3,1511.7,0.359913927,0.016094746,0.481981112,0.013431941,0.375076901,2100,0,1050,1099.963985,0,549.9819925,881.36619,0,440.683095,0,1,2,NA,1,0,1,2,NA,1,0,1,2,NA,1,29.54674214,"254",1,0
0.006506139,6.15e-05,0.986878805,2180,33,1.445039784,-0.034211875,612.8,194.1,455.1,1318,806.9,1773.1,0.567646,0.007211518,0.591133701,0.007216069,0.580488157,0,2580,1290,0,866.644652,433.322326,0,838.814922,419.407461,0,1,2,NA,1,0,1,2,NA,1,0,1,2,NA,1,29.04992923,"255",0,0
0.003187482,-3.07e-06,0.993452138,817,0,1.346501993,-0.001923297,455.1,194.1,612.8,1318,649.2,1930.8,0.162586558,0.009972327,0.747493219,0.007654593,0.544080728,2580,0,1290,866.644652,0,433.322326,838.814922,0,419.407461,0,1,2,NA,1,0,1,2,NA,1,0,1,2,NA,1,27.9184078,"256",0,1
0.005615224,-1.03e-05,0.98669992,1432,15,2.149474935,-0.00124705,372.7,126,298.6,942.7,498.7,1241.3,0.227400317,0.010439689,0.520899134,0.007789165,0.431981291,0,1740,870,0,1119.027568,559.513784,0,981.528796,490.764398,0,1,2,NA,1,0,1,2,NA,1,0,1,2,NA,1,28.0802997,"252",0,1
0.007710176,2.85e-06,0.983477043,1369,83,2.233740311,-0.011626288,298.6,126,372.7,942.7,424.6,1315.4,0.621450258,0.01159425,0.409268076,0.011618256,0.45867727,1740,0,870,1119.027568,0,559.513784,981.528796,0,490.764398,0,1,2,NA,1,0,1,2,NA,1,0,1,2,NA,1,26.17115426,"451",0,0
0.005150854,-4.92e-05,0.98897863,1980,0,1.57336201,-0.000249,367.9,95.5,497.2,1319.4,463.4,1816.6,0.431716972,0.01212733,0.519497539,0.01269746,0.475965485,0,2280,1140,0,1322.233381,661.1166905,0,1315.854788,657.927394,0,1,2,NA,1,0,1,2,NA,1,0,1,2,NA,1,28.21019729,"257",0,1
0.006240349,-7.17e-05,0.985530459,1974,1,2.460572818,-0.011144882,497.2,95.5,367.9,1319.4,592.7,1687.3,0.423984783,0.015892048,0.492279234,0.013701773,0.475776537,2280,0,1140,1322.233381,0,661.1166905,1315.854788,0,657.927394,0,1,2,NA,1,0,1,2,NA,1,0,1,2,NA,1,29.50834526,"258",0,0
0.006072188,3.33e-06,0.987863963,2539,0,2.648540662,-0.000767,555.8,182.5,479.3,1482.4,738.3,1961.7,0.451029521,0.013978562,0.557778998,0.011531179,0.530847504,0,2700,1350,0,1897.623109,948.8115545,0,1672.753176,836.376588,0,1,2,NA,1,0,1,2,NA,1,0,1,2,NA,1,NA,"115",0,1
0.005887539,-2.84e-05,0.987566258,2557,7,2.087454088,-0.001837588,479.3,182.5,555.8,1482.4,661.8,2038.2,0.511563071,0.010369387,0.47317192,0.010626985,0.504149696,2700,0,1350,1897.623109,0,948.8115545,1672.753176,0,836.376588,0,1,2,NA,1,0,1,2,NA,1,0,1,2,NA,1,NA,"116",0,1
0.00514378,-5.63e-05,0.989053291,2077,3,1.347015861,-0.002649085,500,289.1,471.1,1139.8,789.1,1610.9,0.515281727,0.009138615,0.364616513,0.009482942,0.399904719,0,2400,1200,0,1425.097643,712.5488215,0,1410.362412,705.181206,0,1,2,NA,1,0,1,2,NA,1,0,1,2,NA,1,28.7574722,"259",0,1
0.004258349,7.88e-05,0.989988465,2066,0,1.58575627,0.005667987,471.1,289.1,500,1139.8,760.2,1639.8,0.332634939,0.013465832,0.557814035,0.010963714,0.462911246,2400,0,1200,1425.097643,0,712.5488215,1410.362412,0,705.181206,0,1,2,NA,1,0,1,2,NA,1,0,1,2,NA,1,28.52374767,"260",0,0
0.007148096,-6.08e-05,0.983396766,1812,29,2.394558968,-0.001892194,401.1,139.2,325.9,1233.8,540.3,1559.7,0.441363372,0.015358869,0.490977929,0.016047715,0.484866127,0,2100,1050,0,1208.981219,604.4906095,0,757.385567,378.6927835,0,1,2,NA,1,0,1,2,NA,1,0,1,2,NA,1,28.32744168,"218",1,1
0.005417122,-4.08e-05,0.987591779,1795,33,2.90263028,0.011162114,325.9,139.2,401.1,1233.8,465.1,1634.9,0.421493771,0.017615346,0.525469025,0.015015743,0.499831682,2100,0,1050,1208.981219,0,604.4906095,757.385567,0,378.6927835,0,1,2,NA,1,0,1,2,NA,1,0,1,2,NA,1,30.79615793,"244",1,1
0.006580711,7.16e-05,0.983880426,2042,35,1.84571855,-0.01748145,554.3,69.6,608.3,1167.8,623.9,1776.1,0.679660222,0.024813474,0.471527187,0.026675081,0.478700364,0,2400,1200,0,792.6916,396.3458,0,709.113411,354.5567055,0,1,2,NA,1,0,1,2,NA,1,0,1,2,NA,1,29.46849147,"263",0,1
0.005438222,-0.000254,0.986815789,883,0,2.843284642,-0.444047788,608.3,69.6,554.3,1167.8,677.9,1722.1,0.174923112,0.022584088,0.350693813,0.020555506,0.332169501,2400,0,1200,792.6916,0,396.3458,709.113411,0,354.5567055,0,1,2,NA,1,0,1,2,NA,1,0,1,2,NA,1,28.28695155,"264",0,1
0.007530873,-0.000198,0.982686796,2230,36,2.400703781,-0.003108094,605.6,279.6,444,1250.8,885.2,1694.8,0.481791612,0.013074191,0.473895022,0.013691132,0.505993817,0,2580,1290,0,1622.530609,811.2653045,0,1599.881925,799.9409625,0,1,2,NA,1,0,1,2,NA,1,0,1,2,NA,1,28.62141642,"265",0,1
0.005769627,1.35e-05,0.986408624,2250,12,2.297026536,0.000566,444,279.6,605.6,1250.8,723.6,1856.4,0.394952574,0.015849015,0.501547959,0.013514875,0.437169433,2580,0,1290,1622.530609,0,811.2653045,1599.881925,0,799.9409625,0,1,2,NA,1,0,1,2,NA,1,0,1,2,NA,1,30.15611774,"266",0,1
0.006368592,-1.98e-05,0.984074256,2058,16,1.816835326,-0.001305101,521.1,142.2,515.3,1221.4,663.3,1736.7,0.400761976,0.012210746,0.523374506,0.013011361,0.536380936,0,2400,1200,0,1496.115254,748.057627,0,1456.633722,728.316861,0,1,2,NA,1,0,1,2,NA,1,0,1,2,NA,1,29.87730894,"267",0,0
0.004880896,-1.41e-06,0.991051872,2042,23,2.230366358,0.000886,515.3,142.2,521.1,1221.4,657.5,1742.5,0.443404691,0.014296473,0.551528211,0.011744053,0.49961679,2400,0,1200,1496.115254,0,748.057627,1456.633722,0,728.316861,0,1,2,NA,1,0,1,2,NA,1,0,1,2,NA,1,28.5838945,"268",0,0
0.006451694,-9.3e-05,0.985058376,1827,23,1.765784051,-0.003654884,496.3,184.5,414.4,1064.8,680.8,1479.2,0.510527582,0.017606229,0.372226646,0.019307943,0.378800529,0,2160,1080,0,1213.438831,606.7194155,0,1137.036597,568.5182985,0,1,2,NA,1,0,1,2,NA,1,0,1,2,NA,1,28.66262071,"269",0,0
0.004256241,-5.21e-05,0.991246204,1845,0,1.853735152,-0.000725,414.4,184.5,496.3,1064.8,598.9,1561.1,0.346416862,0.018332302,0.47946612,0.015722062,0.484289944,2160,0,1080,1213.438831,0,606.7194155,1137.036597,0,568.5182985,0,1,2,NA,1,0,1,2,NA,1,0,1,2,NA,1,28.59504945,"270",0,1
0.005407442,-8.32e-08,0.987685749,2152,5,1.410284064,-0.000308,520.1,103.3,467.5,1249.1,623.4,1716.6,0.52153693,0.011035732,0.561818367,0.011876891,0.60498939,0,2340,1170,0,1477.471008,738.735504,0,1375.370562,687.685281,0,1,2,NA,1,0,1,2,NA,1,0,1,2,NA,1,29.82912899,"271",0,1
0.003286066,-3.98e-07,0.993514752,2130,15,1.280212242,-0.000177,467.5,103.3,520.1,1249.1,570.8,1769.2,0.393420335,0.015186858,0.560785249,0.012726868,0.549461699,2340,0,1170,1477.471008,0,738.735504,1375.370562,0,687.685281,0,1,2,NA,1,0,1,2,NA,1,0,1,2,NA,1,29.87931653,"272",0,1
0.003543221,8.2e-06,0.991792197,2100,0,1.387421881,0.000373,425.8,141.7,492.7,1399.8,567.5,1892.5,0.382121953,0.014667957,0.561296933,0.012123638,0.553013997,0,2460,1230,0,1515.915175,757.9575875,0,1061.061391,530.5306955,0,1,2,NA,1,0,1,2,NA,1,0,1,2,NA,1,30.45275472,"274",1,0
0.007580817,-1.31e-05,0.98088191,2085,22,2.348326168,0.000442,492.7,141.7,425.8,1399.8,634.4,1825.6,0.464219511,0.010407774,0.517383316,0.011220124,0.607804822,2460,0,1230,1515.915175,0,757.9575875,1061.061391,0,530.5306955,0,1,2,NA,1,0,1,2,NA,1,0,1,2,NA,1,28.36723649,"573",1,0
0.007429632,-4.8e-05,0.98015748,2020,37,2.381625001,-0.003902034,510.5,216.3,478.9,1194.3,726.8,1673.2,0.495759002,0.013330893,0.514138451,0.013703201,0.540091177,0,2400,1200,0,1422.226493,711.1132465,0,1332.203009,666.1015045,0,1,2,NA,1,0,1,2,NA,1,0,1,2,NA,1,28.82301392,"275",0,1
0.00461482,6.28e-06,0.991141588,2049,0,2.395849107,-0.007685028,478.9,216.3,510.5,1194.3,695.2,1704.8,0.356324331,0.02061696,0.429152962,0.018221261,0.411636002,2400,0,1200,1422.226493,0,711.1132465,1332.203009,0,666.1015045,0,1,2,NA,1,0,1,2,NA,1,0,1,2,NA,1,28.99611931,"276",0,0
0.004889666,-0.000214,0.989894184,2215,0,2.154604228,-0.129153434,609.6,263.9,397.5,1309,873.5,1706.5,0.448347259,0.012397553,0.452582189,0.011553153,0.466553259,0,2580,1290,0,1553.139298,776.569649,0,1458.847912,729.423956,0,1,2,NA,1,0,1,2,NA,1,0,1,2,NA,1,32.23198124,"278",0,0
0.007352794,-7.6e-06,0.982845988,2215,19,2.146353751,-0.001664552,397.5,263.9,609.6,1309,661.4,1918.6,0.409017082,0.01557648,0.480569349,0.016372572,0.496029281,2580,0,1290,1553.139298,0,776.569649,1458.847912,0,729.423956,0,1,2,NA,1,0,1,2,NA,1,0,1,2,NA,1,31.37429923,"577",0,0
0.005735782,0.000105,0.987894372,1954,19,1.481936534,0.013698961,436.7,76.6,383.9,1322.8,513.3,1706.7,0.549963039,0.011620465,0.553120761,0.011860602,0.559215829,0,2220,1110,0,1495.132482,747.566241,0,1409.441034,704.720517,0,1,2,NA,1,0,1,2,NA,1,0,1,2,NA,1,NA,"117",0,0
0.006385132,-2.14e-05,0.985126413,1651,7,2.902542183,-0.035669076,295.9,143.8,452.3,1088,439.7,1540.3,0.379995333,0.013518143,0.63022107,0.010974819,0.559817352,0,1980,990,0,1257.351755,628.6758775,0,1235.531134,617.765567,0,1,2,NA,1,0,1,2,NA,1,0,1,2,NA,1,29.73820756,"281",0,1
0.005556856,-1.07e-05,0.986293797,1657,0,2.003204232,0.001789023,452.3,143.8,295.9,1088,596.1,1383.9,0.355863253,0.008337034,0.471510402,0.008593437,0.496494949,1980,0,990,1257.351755,0,628.6758775,1235.531134,0,617.765567,0,1,2,NA,1,0,1,2,NA,1,0,1,2,NA,1,27.66178696,"282",0,0
0.008265839,4.35e-05,0.976950161,1693,49,2.684292545,-0.00673146,420.1,107.3,292.5,1280.1,527.4,1572.6,0.417537794,0.019946644,0.513455244,0.021207809,0.557181458,0,2100,1050,0,1179.528568,589.764284,0,974.618138,487.309069,0,1,2,NA,1,0,1,2,NA,1,0,1,2,NA,1,28.65503281,"285",0,0
0.006152193,2.71e-06,0.98563287,1716,21,2.857644511,0.006047986,292.5,107.3,420.1,1280.1,399.8,1700.2,0.411986016,0.023180463,0.514979239,0.021081698,0.485857167,2100,0,1050,1179.528568,0,589.764284,974.618138,0,487.309069,0,1,2,NA,1,0,1,2,NA,1,0,1,2,NA,1,29.4768278,"286",0,1
0.006311062,-2.65e-05,0.984933542,2280,24,1.865334611,-0.001055521,439.7,158.6,590.7,1331,598.3,1921.7,0.480519777,0.011067275,0.778981497,0.011314925,0.667985151,0,2520,1260,0,1537.31436,768.65718,0,1138.988096,569.494048,0,1,2,NA,1,0,1,2,NA,1,0,1,2,NA,1,31.30577364,"287",1,0
0.005483362,3.24e-06,0.988149461,2288,0,2.142674327,0.000357,590.7,158.6,439.7,1331,749.3,1770.7,0.425035779,0.008261203,0.502442437,0.007740617,0.499703992,2520,0,1260,1537.31436,0,768.65718,1138.988096,0,569.494048,0,1,2,NA,1,0,1,2,NA,1,0,1,2,NA,1,31.54273523,"288",1,0
0.006714054,4.71e-05,0.983714805,2136,10,1.838317402,-0.002945436,480.1,162.3,543.2,1274.4,642.4,1817.6,0.534214259,0.018548481,0.515479317,0.019744585,0.527144002,0,2460,1230,0,1502.523527,751.2617635,0,1218.019905,609.0099525,0,1,2,NA,1,0,1,2,NA,1,0,1,2,NA,1,29.64896904,"289",0,0
0.003064089,1.29e-05,0.993453633,2108,0,1.252587806,-0.001042313,543.2,162.3,480.1,1274.4,705.5,1754.5,0.337330456,0.02402803,0.458798275,0.02145487,0.423389021,2460,0,1230,1502.523527,0,751.2617635,1218.019905,0,609.0099525,0,1,2,NA,1,0,1,2,NA,1,0,1,2,NA,1,30.43767609,"290",0,1
0.005761272,2.9e-06,0.987493066,2539,12,1.556239736,-0.009819801,548.4,200.9,430.5,1640.2,749.3,2070.7,0.486675094,0.010858517,0.522846944,0.011531295,0.473217814,0,2820,1410,0,1853.314539,926.6572695,0,1691.671362,845.835681,0,1,2,NA,1,0,1,2,NA,1,0,1,2,NA,1,29.404382,"291",1,1
0.007131622,-2.95e-05,0.983354012,2530,2,3.037107174,-0.003570319,430.5,200.9,548.4,1640.2,631.4,2188.6,0.395594409,0.011095628,0.679758586,0.010472291,0.65057876,2820,0,1410,1853.314539,0,926.6572695,1691.671362,0,845.835681,0,1,2,NA,1,0,1,2,NA,1,0,1,2,NA,1,29.54299649,"292",1,1
0.005576858,-1.98e-05,0.987830505,1967,23,2.023821164,-0.004217125,489.3,128.3,548.1,1114.3,617.6,1662.4,0.605421815,0.0111312,0.514291164,0.011500034,0.531973436,0,2280,1140,0,1325.869713,662.9348565,0,594.451648,297.225824,0,1,2,NA,1,0,1,2,NA,1,0,1,2,NA,1,29.47886289,"293",0,0
0.00770156,3.19e-05,0.982562434,1897,32,2.162640952,0.000435,449.1,133.8,548.4,1148.7,582.9,1697.1,0.528210006,0.011370722,0.504648306,0.012066501,0.53802479,0,2280,1140,0,1310.188291,655.0941455,0,1276.453065,638.2265325,0,1,2,NA,1,0,1,2,NA,1,0,1,2,NA,1,28.43378355,"297",0,1
0.003732988,9.07e-06,0.993658626,1925,0,1.783683252,-0.005788082,548.4,133.8,449.1,1148.7,682.2,1597.8,0.306000521,0.013097874,0.590204888,0.010500274,0.565902794,2280,0,1140,1310.188291,0,655.0941455,1276.453065,0,638.2265325,0,1,2,NA,1,0,1,2,NA,1,0,1,2,NA,1,28.83898604,"298",0,1
